Agents,LOTUSim
5,7.75
10,18.744
15,19.72
20,25.95
30,29.36
50,39.92166666666667
100,61.815
150,85.50333333333333
200,107.38499999999999
250,131.46333333333334
300,153.775
350,172.11833333333334
380,189.39000000000001
400,193.51
420,199.63
450,203.5
